,call_type,latitude,longitude
7,Traffic Collision,37.76924401,-122.40800719999999
27,Other,37.72229807,-122.4113031
42,Traffic Collision,37.75414577,-122.4786157
43,Traffic Collision,37.77578731,-122.3933551
44,Gas Leak (Natural and LP Gases),37.77684957,-122.4213512
48,Traffic Collision,37.76495166,-122.4319376
80,Traffic Collision,37.72378785,-122.4364493
117,Traffic Collision,37.71347595,-122.43454109999999
118,Traffic Collision,37.79184209,-122.3949402
124,Outside Fire,37.76042745,-122.41096200000001
129,Gas Leak (Natural and LP Gases),37.76182764,-122.3983307
130,Gas Leak (Natural and LP Gases),37.76182764,-122.3983307
139,Electrical Hazard,37.73605995,-122.49233190000001
140,Vehicle Fire,37.75124396,-122.42158529999999
157,Outside Fire,37.79983846,-122.42845679999999
165,Traffic Collision,37.73243866,-122.4056075
169,Traffic Collision,37.77578731,-122.3933551
176,Traffic Collision,37.72378785,-122.4364493
185,Gas Leak (Natural and LP Gases),37.75754536,-122.47300030000001
188,Traffic Collision,37.74801345,-122.42248740000001
189,Traffic Collision,37.71347595,-122.43454109999999
192,Citizen Assist / Service Call,37.77070870000001,-122.4077168
194,Citizen Assist / Service Call,37.75729278,-122.3957719
199,Fuel Spill,37.73486828,-122.411052
213,Citizen Assist / Service Call,37.75255649,-122.45111399999999
234,Traffic Collision,37.76946255,-122.40621340000001
265,Traffic Collision,37.76946255,-122.40621340000001
270,Traffic Collision,37.77531731,-122.427724
275,Traffic Collision,37.74252073,-122.4043063
295,Outside Fire,37.76164305,-122.4120503
300,Traffic Collision,37.77085213,-122.41367920000002
338,Traffic Collision,37.75617132,-122.4198655
341,Gas Leak (Natural and LP Gases),37.75754536,-122.47300030000001
348,Traffic Collision,37.74801345,-122.42248740000001
366,Traffic Collision,37.76924401,-122.40800719999999
381,Smoke Investigation (Outside),37.73438048,-122.43879740000001
385,Traffic Collision,37.76495166,-122.4319376
401,Vehicle Fire,37.75124396,-122.42158529999999
409,Gas Leak (Natural and LP Gases),37.72465238,-122.40228859999999
412,Traffic Collision,37.75414577,-122.4786157
413,Gas Leak (Natural and LP Gases),37.77684957,-122.4213512
420,Other,37.73605995,-122.49233190000001
432,Gas Leak (Natural and LP Gases),37.75754536,-122.47300030000001
435,Citizen Assist / Service Call,37.78119999,-122.4303649
437,Other,37.72229807,-122.4113031
443,Traffic Collision,37.79184209,-122.3949402
451,Traffic Collision,37.73243866,-122.4056075
457,Traffic Collision,37.78239164,-122.4473015
475,Gas Leak (Natural and LP Gases),37.79009247,-122.4426337
486,Traffic Collision,37.77531731,-122.427724
497,Other,37.72229807,-122.4113031
528,Outside Fire,37.76042745,-122.41096200000001
529,Other,37.78697332,-122.4258459
532,Outside Fire,37.76042745,-122.41096200000001
536,Outside Fire,37.73956627,-122.40697859999999
539,Traffic Collision,37.76495166,-122.4319376
543,Traffic Collision,37.72378785,-122.4364493
550,Traffic Collision,37.78239164,-122.4473015
553,Traffic Collision,37.76495166,-122.4319376
574,Outside Fire,37.79983846,-122.42845679999999
603,Traffic Collision,37.71347595,-122.43454109999999
611,Outside Fire,37.76042745,-122.41096200000001
615,Smoke Investigation (Outside),37.75008261,-122.4433473
670,Traffic Collision,37.74252073,-122.4043063
677,Traffic Collision,37.77085213,-122.41367920000002
728,Traffic Collision,37.76495166,-122.4319376
756,Traffic Collision,37.76495166,-122.4319376
760,Elevator / Escalator Rescue,37.78403808,-122.42642430000001
764,Traffic Collision,37.75617132,-122.4198655
779,Citizen Assist / Service Call,37.75508303,-122.4112654
784,Gas Leak (Natural and LP Gases),37.76182764,-122.3983307
795,Outside Fire,37.76042745,-122.41096200000001
805,Outside Fire,37.72405744,-122.3899483
838,Traffic Collision,37.74222503,-122.4944433
842,Outside Fire,37.81917592,-122.3710999
843,Traffic Collision,37.78986887,-122.39780559999998
852,Traffic Collision,37.74222503,-122.4944433
857,Gas Leak (Natural and LP Gases),37.73727089,-122.39826370000002
859,Traffic Collision,37.76424989,-122.4320149
880,Electrical Hazard,37.76225041,-122.4857027
890,Outside Fire,37.76643768,-122.40754070000001
903,Citizen Assist / Service Call,37.79394559,-122.4154347
910,Other,37.79786454,-122.3967013
911,Other,37.77091334,-122.420305
921,Other,37.77091334,-122.420305
924,Gas Leak (Natural and LP Gases),37.73727089,-122.39826370000002
930,Vehicle Fire,37.718754100000005,-122.4116733
933,Outside Fire,37.765783299999995,-122.4075342
940,Citizen Assist / Service Call,37.78672158,-122.4636179
969,Traffic Collision,37.77749384,-122.41629170000002
972,Other,37.71138422,-122.4512051
977,Traffic Collision,37.74222503,-122.4944433
986,Elevator / Escalator Rescue,37.7892825,-122.4119124
987,Smoke Investigation (Outside),37.75184179,-122.4251525
994,Traffic Collision,37.74624727,-122.43692040000002
1000,Traffic Collision,37.74222503,-122.4944433
1005,Traffic Collision,37.71567256,-122.4394385
1007,Electrical Hazard,37.78728163,-122.43097979999999
1016,Vehicle Fire,37.718754100000005,-122.4116733
1028,Citizen Assist / Service Call,37.76213571,-122.4216894
1042,Traffic Collision,37.74624727,-122.43692040000002
1047,Traffic Collision,37.74836226,-122.42934650000001
1052,Traffic Collision,37.74222503,-122.4944433
1054,Gas Leak (Natural and LP Gases),37.80526026,-122.4160538
1062,Gas Leak (Natural and LP Gases),37.77928263,-122.45986040000001
1083,Traffic Collision,37.77749384,-122.41629170000002
1089,Other,37.79786454,-122.3967013
1090,Vehicle Fire,37.718754100000005,-122.4116733
1092,Outside Fire,37.75220444,-122.41901750000001
1093,Outside Fire,37.75220444,-122.41901750000001
1100,Traffic Collision,37.74624727,-122.43692040000002
1120,Electrical Hazard,37.77338836,-122.508427
1122,Outside Fire,37.75220444,-122.41901750000001
1127,Traffic Collision,37.76424989,-122.4320149
1132,Odor (Strange / Unknown),37.78029223,-122.4588642
1138,Traffic Collision,37.71567256,-122.4394385
1142,Outside Fire,37.75275957,-122.43645430000001
1152,Traffic Collision,37.79621095,-122.405143
1154,Outside Fire,37.77051511,-122.40002279999999
1166,Traffic Collision,37.78307785,-122.39361809999998
1190,Outside Fire,37.75220444,-122.41901750000001
1200,Vehicle Fire,37.718754100000005,-122.4116733
1207,Traffic Collision,37.78795027,-122.43364709999999
1213,Other,37.73592799,-122.42315190000001
1214,Traffic Collision,37.74624727,-122.43692040000002
1222,Traffic Collision,37.74624727,-122.43692040000002
1234,Vehicle Fire,37.718754100000005,-122.4116733
1267,Citizen Assist / Service Call,37.79394559,-122.4154347
1270,Traffic Collision,37.72148964,-122.4489097
1271,Outside Fire,37.76397,-122.42631750000001
1289,Traffic Collision,37.79621095,-122.405143
1292,Traffic Collision,37.71567256,-122.4394385
1297,Citizen Assist / Service Call,37.79637038,-122.4193564
1311,Citizen Assist / Service Call,37.79394559,-122.4154347
1324,Other,37.77091334,-122.420305
1329,Smoke Investigation (Outside),37.79179113,-122.4403321
1332,Other,37.77091334,-122.420305
1353,Other,37.75908406,-122.4115798
1373,Citizen Assist / Service Call,37.76213571,-122.4216894
1391,Other,37.76513172,-122.407546
1413,Traffic Collision,37.78795027,-122.43364709999999
1428,Outside Fire,37.75220444,-122.41901750000001
1429,Outside Fire,37.75220444,-122.41901750000001
1447,Traffic Collision,37.74222503,-122.4944433
1453,Other,37.72296565,-122.4268963
1466,Citizen Assist / Service Call,37.7825474,-122.41224790000001
1469,Other,37.78264603,-122.44358100000001
1491,Traffic Collision,37.78986887,-122.39780559999998
1492,Traffic Collision,37.74198124,-122.4232564
1495,Traffic Collision,37.72148964,-122.4489097
1505,Outside Fire,37.76398371,-122.39344640000002
1506,Other,37.79786454,-122.3967013
1512,Traffic Collision,37.74836226,-122.42934650000001
1519,Traffic Collision,37.75023272,-122.4249992
1523,Outside Fire,37.76137798,-122.44094390000001
1531,Traffic Collision,37.74624727,-122.43692040000002
1532,Outside Fire,37.77457807,-122.39626129999999
1541,Vehicle Fire,37.718754100000005,-122.4116733
1552,Gas Leak (Natural and LP Gases),37.80526026,-122.4160538
1566,Traffic Collision,37.72148964,-122.4489097
1569,Traffic Collision,37.78307785,-122.39361809999998
1572,Citizen Assist / Service Call,37.71138422,-122.4512051
1582,Vehicle Fire,37.718754100000005,-122.4116733
1584,Outside Fire,37.75220444,-122.41901750000001
1597,Gas Leak (Natural and LP Gases),37.80526026,-122.4160538
1614,Traffic Collision,37.74198124,-122.4232564
1620,Other,37.79786454,-122.3967013
1622,Electrical Hazard,37.78728163,-122.43097979999999
1630,Traffic Collision,37.78164558,-122.43060919999999
1636,Traffic Collision,37.78164558,-122.43060919999999
1659,Outside Fire,37.78491618,-122.41195
1666,Traffic Collision,37.74624727,-122.43692040000002
1678,Traffic Collision,37.75023272,-122.4249992
1695,Traffic Collision,37.79621095,-122.405143
1697,Traffic Collision,37.74222503,-122.4944433
1706,Traffic Collision,37.79047328,-122.4067422
1708,Traffic Collision,37.76625025,-122.39976100000001
1709,Traffic Collision,37.7831014,-122.41918170000001
1712,Traffic Collision,37.73273923,-122.405171
1717,Traffic Collision,37.77442903,-122.4309865
1720,Citizen Assist / Service Call,37.75735158,-122.45116000000002
1722,Traffic Collision,37.7831014,-122.41918170000001
1723,Outside Fire,37.76389595,-122.469522
1727,Gas Leak (Natural and LP Gases),37.78727715,-122.4168252
1749,Traffic Collision,37.80860234,-122.4157858
1755,Traffic Collision,37.79047328,-122.4067422
1756,Traffic Collision,37.78502466,-122.4119719
1757,Gas Leak (Natural and LP Gases),37.79295309,-122.4015311
1761,Citizen Assist / Service Call,37.78656483,-122.4224033
1787,Traffic Collision,37.7831014,-122.41918170000001
1795,Traffic Collision,37.73273923,-122.405171
1807,Other,37.80967302,-122.3663348
1809,Other,37.78289498,-122.45334229999999
1818,Gas Leak (Natural and LP Gases),37.77336601,-122.4501389
1826,Other,37.80967302,-122.3663348
1834,Traffic Collision,37.73273923,-122.405171
1850,Traffic Collision,37.77966274,-122.3948403
1851,Elevator / Escalator Rescue,37.79332437,-122.40279369999999
1855,Traffic Collision,37.73273923,-122.405171
1897,Traffic Collision,37.71430765,-122.462602
1905,Citizen Assist / Service Call,37.73636055,-122.44978799999998
1911,Traffic Collision,37.75124396,-122.42158529999999
1916,Citizen Assist / Service Call,37.75735158,-122.45116000000002
1919,Traffic Collision,37.71430765,-122.462602
1924,Elevator / Escalator Rescue,37.78499964,-122.4210923
1931,Traffic Collision,37.78502466,-122.4119719
1941,Traffic Collision,37.73273923,-122.405171
1945,Citizen Assist / Service Call,37.72664748,-122.39386699999999
1953,Traffic Collision,37.73273923,-122.405171
1956,Other,37.80967302,-122.3663348
1963,Other,37.803458500000005,-122.4267287
1974,Traffic Collision,37.76904239,-122.42685829999999
1976,Traffic Collision,37.77966274,-122.3948403
1977,Gas Leak (Natural and LP Gases),37.77336601,-122.4501389
1982,Traffic Collision,37.7606276,-122.48007199999999
1998,Traffic Collision,37.76904239,-122.42685829999999
2006,Outside Fire,37.78706505,-122.4176195
2012,Outside Fire,37.71506459,-122.38252209999999
2015,Traffic Collision,37.78941206,-122.4221352
2022,Other,37.80967302,-122.3663348
2038,Gas Leak (Natural and LP Gases),37.78727715,-122.4168252
2047,Traffic Collision,37.78941206,-122.4221352
2052,Other,37.80967302,-122.3663348
2055,Other,37.78289498,-122.45334229999999
2060,Traffic Collision,37.76813969,-122.42219920000001
2069,Gas Leak (Natural and LP Gases),37.78727715,-122.4168252
2070,Traffic Collision,37.76941119,-122.4109311
2071,Gas Leak (Natural and LP Gases),37.77336601,-122.4501389
2073,Outside Fire,37.71506459,-122.38252209999999
2074,Outside Fire,37.78515094,-122.4330834
2079,Other,37.80967302,-122.3663348
2088,Gas Leak (Natural and LP Gases),37.79295309,-122.4015311
2095,Outside Fire,37.7459542,-122.4201414
2096,Traffic Collision,37.7831014,-122.41918170000001
2105,Outside Fire,37.76389595,-122.469522
2112,Traffic Collision,37.77305345,-122.4186182
2113,Traffic Collision,37.74865938,-122.4126876
2123,Other,37.80967302,-122.3663348
2127,Traffic Collision,37.76941119,-122.4109311
2130,Other,37.78289498,-122.45334229999999
2131,Electrical Hazard,37.73621937,-122.37976609999998
2140,Traffic Collision,37.76904239,-122.42685829999999
2155,Traffic Collision,37.76813969,-122.42219920000001
2156,Traffic Collision,37.75124396,-122.42158529999999
2167,Traffic Collision,37.7606276,-122.48007199999999
2175,Other,37.78729495,-122.4032771
2189,Citizen Assist / Service Call,37.78656483,-122.4224033
2195,Traffic Collision,37.7831014,-122.41918170000001
2210,Traffic Collision,37.73273923,-122.405171
2216,Traffic Collision,37.73273923,-122.405171
2221,Traffic Collision,37.7831014,-122.41918170000001
2224,Traffic Collision,37.77442903,-122.4309865
2247,Other,37.74861898,-122.42598909999998
2250,Traffic Collision,37.80860234,-122.4157858
2251,Citizen Assist / Service Call,37.80566745,-122.41276640000001
2270,Other,37.80967302,-122.3663348
2274,Elevator / Escalator Rescue,37.72094516,-122.4782782
2286,Traffic Collision,37.77305345,-122.4186182
2292,Traffic Collision,37.73273923,-122.405171
2301,Other,37.80967302,-122.3663348
2305,Traffic Collision,37.73273923,-122.405171
2309,Traffic Collision,37.78941206,-122.4221352
2329,Traffic Collision,37.76625025,-122.39976100000001
2342,Citizen Assist / Service Call,37.80566745,-122.41276640000001
2347,Other,37.80967302,-122.3663348
2348,Outside Fire,37.788126299999995,-122.4176572
2349,Traffic Collision,37.76941119,-122.4109311
2386,Outside Fire,37.71506459,-122.38252209999999
2387,Other,37.803458500000005,-122.4267287
2393,Citizen Assist / Service Call,37.75735158,-122.45116000000002
2395,Outside Fire,37.78515094,-122.4330834
2407,Gas Leak (Natural and LP Gases),37.78727715,-122.4168252
2409,Gas Leak (Natural and LP Gases),37.79295309,-122.4015311
2427,Outside Fire,37.78515094,-122.4330834
2430,Outside Fire,37.77837186,-122.43424080000001
2438,Outside Fire,37.76768345,-122.43064150000001
2442,Other,37.74143204,-122.393932
2454,Other,37.80967302,-122.3663348
2455,Traffic Collision,37.74865938,-122.4126876
2472,Other,37.80967302,-122.3663348
2474,Gas Leak (Natural and LP Gases),37.78727715,-122.4168252
2475,Citizen Assist / Service Call,37.76269793,-122.4325419
2524,Citizen Assist / Service Call,37.74823739,-122.4091747
2530,Citizen Assist / Service Call,37.73534066,-122.48369299999999
2531,Water Rescue,37.79804495,-122.39636709999999
2534,Electrical Hazard,37.78232123,-122.42576329999999
2544,Traffic Collision,37.77903729,-122.41062
2561,Train / Rail Incident,37.79267912,-122.39685349999999
2563,Traffic Collision,37.73190988,-122.49371880000001
2568,Outside Fire,37.78962044,-122.42049340000001
2578,Other,37.78127215,-122.4255493
2586,Citizen Assist / Service Call,37.75890789,-122.4766067
2590,Water Rescue,37.79804495,-122.39636709999999
2601,Outside Fire,37.74355793,-122.38935120000001
2603,Outside Fire,37.79305,-122.4228712
2605,Other,37.78647953,-122.40472439999999
2609,Traffic Collision,37.73401387,-122.3909679
2614,Other,37.76565858,-122.423128
2617,Citizen Assist / Service Call,37.75354618,-122.39721180000001
2630,Traffic Collision,37.73229105,-122.37615790000001
2640,Outside Fire,37.78962044,-122.42049340000001
2644,Traffic Collision,37.72998042,-122.3888551
2646,Outside Fire,37.79305,-122.4228712
2647,Citizen Assist / Service Call,37.79007419,-122.43569280000001
2653,Citizen Assist / Service Call,37.79007419,-122.43569280000001
2654,Train / Rail Incident,37.79267912,-122.39685349999999
2663,Outside Fire,37.78703795,-122.41827099999999
2677,Citizen Assist / Service Call,37.79788774,-122.41042820000001
2679,Water Rescue,37.79804495,-122.39636709999999
2689,Citizen Assist / Service Call,37.83156209,-122.37333020000001
2696,Smoke Investigation (Outside),37.78677895,-122.398257
2703,Train / Rail Incident,37.79267912,-122.39685349999999
2709,Vehicle Fire,37.71839561,-122.44860520000002
2716,Outside Fire,37.79305,-122.4228712
2718,Traffic Collision,37.73971001,-122.4119916
2734,Outside Fire,37.76088893,-122.4350007
2753,Traffic Collision,37.73243402,-122.38380330000001
2757,Traffic Collision,37.7696026,-122.42630940000001
2769,Citizen Assist / Service Call,37.719128999999995,-122.4582392
2771,Outside Fire,37.78682753,-122.4199279
2775,Citizen Assist / Service Call,37.76807361,-122.4124242
2780,Traffic Collision,37.77903729,-122.41062
2783,Outside Fire,37.78833684,-122.38889950000001
2810,Water Rescue,37.79804495,-122.39636709999999
2817,Citizen Assist / Service Call,37.78947882,-122.4145611
2818,Outside Fire,37.74616295,-122.3940489
2819,Train / Rail Incident,37.79267912,-122.39685349999999
2842,Traffic Collision,37.77903729,-122.41062
2843,Fuel Spill,37.78853817,-122.43629640000002
2844,Outside Fire,37.76088893,-122.4350007
2850,Gas Leak (Natural and LP Gases),37.77993369,-122.428614
2851,Train / Rail Incident,37.79267912,-122.39685349999999
2855,Outside Fire,37.73015769,-122.37598919999999
2860,Water Rescue,37.79804495,-122.39636709999999
2867,Water Rescue,37.79804495,-122.39636709999999
2886,Citizen Assist / Service Call,37.7817321,-122.4697676
2887,Water Rescue,37.79804495,-122.39636709999999
2908,Outside Fire,37.78079148,-122.3996162
2910,Traffic Collision,37.73243402,-122.38380330000001
2913,Elevator / Escalator Rescue,37.7875045,-122.41416370000002
2918,Outside Fire,37.74237539999999,-122.4219688
2922,Other,37.75703373,-122.47675840000001
2924,Traffic Collision,37.76559292,-122.4740453
2938,Gas Leak (Natural and LP Gases),37.77993369,-122.428614
2942,Traffic Collision,37.77290912,-122.4221864
2945,Citizen Assist / Service Call,37.72773347,-122.39323279999999
2952,Train / Rail Incident,37.79267912,-122.39685349999999
2967,Outside Fire,37.72497357,-122.3933588
2968,Citizen Assist / Service Call,37.75354618,-122.39721180000001
2997,Outside Fire,37.74616295,-122.3940489
2998,Traffic Collision,37.77903729,-122.41062
3019,Fuel Spill,37.78853817,-122.43629640000002
3036,Traffic Collision,37.7696026,-122.42630940000001
3043,Water Rescue,37.79804495,-122.39636709999999
3045,Train / Rail Incident,37.79267912,-122.39685349999999
3049,Smoke Investigation (Outside),37.78677895,-122.398257
3056,Elevator / Escalator Rescue,37.77514707,-122.41925559999999
3063,Water Rescue,37.79804495,-122.39636709999999
3064,Traffic Collision,37.76587725,-122.46751509999999
3071,Water Rescue,37.79804495,-122.39636709999999
3085,Outside Fire,37.76088893,-122.4350007
3093,Outside Fire,37.73015769,-122.37598919999999
3105,Water Rescue,37.79804495,-122.39636709999999
3106,Other,37.76565858,-122.423128
3111,Traffic Collision,37.73190988,-122.49371880000001
3113,Smoke Investigation (Outside),37.78677895,-122.398257
3123,Outside Fire,37.74597423,-122.39704280000001
3128,Vehicle Fire,37.71839561,-122.44860520000002
3133,Water Rescue,37.79804495,-122.39636709999999
3142,Traffic Collision,37.77290912,-122.4221864
3146,Outside Fire,37.78962044,-122.42049340000001
3153,Outside Fire,37.78962044,-122.42049340000001
3156,Traffic Collision,37.73243402,-122.38380330000001
3162,Train / Rail Incident,37.79267912,-122.39685349999999
3163,Outside Fire,37.74616295,-122.3940489
3165,Electrical Hazard,37.73642025,-122.44571090000002
3168,Water Rescue,37.79804495,-122.39636709999999
3174,Traffic Collision,37.72998042,-122.3888551
3175,Traffic Collision,37.76559292,-122.4740453
3180,Traffic Collision,37.73401387,-122.3909679
3184,Train / Rail Incident,37.79267912,-122.39685349999999
3189,Fuel Spill,37.78853817,-122.43629640000002
3215,Train / Rail Incident,37.79267912,-122.39685349999999
3216,Traffic Collision,37.73971001,-122.4119916
3217,Train / Rail Incident,37.79267912,-122.39685349999999
3219,Gas Leak (Natural and LP Gases),37.77993369,-122.428614
3223,Outside Fire,37.74237539999999,-122.4219688
3224,Train / Rail Incident,37.79267912,-122.39685349999999
3249,Traffic Collision,37.7696026,-122.42630940000001
3257,Train / Rail Incident,37.79267912,-122.39685349999999
3271,Outside Fire,37.73015769,-122.37598919999999
3278,Traffic Collision,37.73229105,-122.37615790000001
3280,Gas Leak (Natural and LP Gases),37.70983846,-122.41056019999999
3281,Gas Leak (Natural and LP Gases),37.70983846,-122.41056019999999
3288,Gas Leak (Natural and LP Gases),37.70983846,-122.41056019999999
3298,Traffic Collision,37.77566572,-122.4778976
3301,Outside Fire,37.78303834,-122.46227879999999
3310,Other,37.76267071,-122.43518799999998
3313,Traffic Collision,37.77903729,-122.41062
3320,Train / Rail Incident,37.79267912,-122.39685349999999
3328,Train / Rail Incident,37.79267912,-122.39685349999999
3342,Traffic Collision,37.71147667,-122.4555922
3378,Other,37.76267071,-122.43518799999998
3380,Outside Fire,37.79670734,-122.3981862
3404,Other,37.76267071,-122.43518799999998
3406,Gas Leak (Natural and LP Gases),37.71382674,-122.47038870000002
3409,Other,37.76267071,-122.43518799999998
3412,Train / Rail Incident,37.79267912,-122.39685349999999
3423,Train / Rail Incident,37.79267912,-122.39685349999999
3429,Citizen Assist / Service Call,37.78186545,-122.41428529999999
3441,Train / Rail Incident,37.79267912,-122.39685349999999
3452,Citizen Assist / Service Call,37.77708346,-122.41697930000001
3460,Traffic Collision,37.77566572,-122.4778976
3461,Gas Leak (Natural and LP Gases),37.79367584,-122.4255257
3464,Traffic Collision,37.74927012,-122.4036762
3479,Other,37.76267071,-122.43518799999998
3519,Train / Rail Incident,37.79267912,-122.39685349999999
3534,Vehicle Fire,37.77207268,-122.41189720000001
3549,Train / Rail Incident,37.79267912,-122.39685349999999
3551,Train / Rail Incident,37.79267912,-122.39685349999999
3557,Citizen Assist / Service Call,37.78133406,-122.39902749999999
3571,Train / Rail Incident,37.79267912,-122.39685349999999
3573,Train / Rail Incident,37.79267912,-122.39685349999999
3576,Other,37.76267071,-122.43518799999998
3601,Gas Leak (Natural and LP Gases),37.79367584,-122.4255257
3604,Outside Fire,37.764843299999995,-122.42311240000001
3608,Traffic Collision,37.75762172,-122.4188873
3615,Gas Leak (Natural and LP Gases),37.79100489,-122.40719250000001
3638,Train / Rail Incident,37.79267912,-122.39685349999999
3640,Other,37.76267071,-122.43518799999998
3653,Vehicle Fire,37.77207268,-122.41189720000001
3654,Smoke Investigation (Outside),37.74910206,-122.48692720000001
3657,Traffic Collision,37.77903729,-122.41062
3660,Citizen Assist / Service Call,37.7491408,-122.4420629
3663,Train / Rail Incident,37.79267912,-122.39685349999999
3666,Other,37.73580325,-122.3834254
3677,Traffic Collision,37.72935716,-122.40275220000001
3688,Traffic Collision,37.77252644,-122.4100769
3692,Train / Rail Incident,37.79267912,-122.39685349999999
3704,Traffic Collision,37.77252644,-122.4100769
3738,Train / Rail Incident,37.79267912,-122.39685349999999
3747,Traffic Collision,37.71147667,-122.4555922
3754,Other,37.76267071,-122.43518799999998
3756,Traffic Collision,37.72935716,-122.40275220000001
3769,Traffic Collision,37.77566572,-122.4778976
3776,Traffic Collision,37.77011145,-122.42000829999999
3797,Train / Rail Incident,37.79267912,-122.39685349999999
3806,Other,37.75463968,-122.43106429999999
3822,Train / Rail Incident,37.79267912,-122.39685349999999
3828,Outside Fire,37.76640577,-122.4242581
3833,Traffic Collision,37.77566572,-122.4778976
3837,Other,37.77998926,-122.40737649999998
3841,Other,37.76267071,-122.43518799999998
3844,Odor (Strange / Unknown),37.78259122,-122.457897
3863,Traffic Collision,37.75762172,-122.4188873
3864,Other,37.76267071,-122.43518799999998
3866,Other,37.76267071,-122.43518799999998
3900,Train / Rail Incident,37.79267912,-122.39685349999999
3906,Train / Rail Incident,37.79267912,-122.39685349999999
3910,Traffic Collision,37.77566572,-122.4778976
3911,Train / Rail Incident,37.79267912,-122.39685349999999
3918,Traffic Collision,37.78558247,-122.4146172
3930,Traffic Collision,37.77110616,-122.41562350000001
3944,Vehicle Fire,37.77207268,-122.41189720000001
3949,Other,37.75463968,-122.43106429999999
3954,Traffic Collision,37.77110616,-122.41562350000001
3962,Citizen Assist / Service Call,37.77139603,-122.50989469999999
3969,Train / Rail Incident,37.79267912,-122.39685349999999
3980,Traffic Collision,37.74927012,-122.4036762
3985,Train / Rail Incident,37.79267912,-122.39685349999999
3990,Other,37.77998926,-122.40737649999998
3991,Traffic Collision,37.77469266,-122.43264860000001
4004,Traffic Collision,37.77469266,-122.43264860000001
4006,Traffic Collision,37.78558247,-122.4146172
4007,Citizen Assist / Service Call,37.77708346,-122.41697930000001
4011,Outside Fire,37.764843299999995,-122.42311240000001
4027,Traffic Collision,37.78279444,-122.41405379999999
4030,Other,37.76267071,-122.43518799999998
4036,Gas Leak (Natural and LP Gases),37.79367584,-122.4255257
4039,Traffic Collision,37.77011145,-122.42000829999999
4040,Gas Leak (Natural and LP Gases),37.75353565,-122.41021210000001
4042,Train / Rail Incident,37.79267912,-122.39685349999999
4045,Traffic Collision,37.72643345,-122.4031023
4078,Train / Rail Incident,37.79267912,-122.39685349999999
4081,Elevator / Escalator Rescue,37.76645441,-122.3973857
4083,Traffic Collision,37.77566572,-122.4778976
4087,Train / Rail Incident,37.79267912,-122.39685349999999
4089,Train / Rail Incident,37.79267912,-122.39685349999999
4105,Other,37.75463968,-122.43106429999999
4109,Traffic Collision,37.77566572,-122.4778976
4133,Traffic Collision,37.72643345,-122.4031023
4136,Gas Leak (Natural and LP Gases),37.75480963,-122.4282874
4138,Traffic Collision,37.77252644,-122.4100769
4142,Traffic Collision,37.78279444,-122.41405379999999
4149,Train / Rail Incident,37.79267912,-122.39685349999999
4163,Train / Rail Incident,37.79267912,-122.39685349999999
4167,Train / Rail Incident,37.79267912,-122.39685349999999
4177,Smoke Investigation (Outside),37.74910206,-122.48692720000001
4178,Gas Leak (Natural and LP Gases),37.75353565,-122.41021210000001
4183,Smoke Investigation (Outside),37.74910206,-122.48692720000001
4189,Traffic Collision,37.74299701,-122.42164450000001
4190,Traffic Collision,37.79843074,-122.40266270000001
4202,Traffic Collision,37.7759254,-122.43798980000001
4205,Citizen Assist / Service Call,37.79385193,-122.40954099999999
4228,Traffic Collision,37.75730761,-122.40661979999999
4229,Traffic Collision,37.75421545,-122.44220929999999
4242,Traffic Collision,37.75421545,-122.44220929999999
4253,Traffic Collision,37.79843074,-122.40266270000001
4257,Traffic Collision,37.76113404,-122.48985330000001
4264,Outside Fire,37.76088893,-122.4350007
4273,Outside Fire,37.76027169,-122.50938159999998
4275,Vehicle Fire,37.72092962,-122.39727099999999
4312,Outside Fire,37.77592749,-122.5115574
4335,HazMat,37.77732776,-122.3930886
4339,Other,37.75703373,-122.47675840000001
4359,Traffic Collision,37.76113404,-122.48985330000001
4363,Traffic Collision,37.79843074,-122.40266270000001
4393,Electrical Hazard,37.71905983,-122.3846557
4402,Other,37.76918286,-122.40388829999999
4412,Outside Fire,37.76027169,-122.50938159999998
4435,Citizen Assist / Service Call,37.78480739,-122.41361540000001
4437,Water Rescue,37.79152537,-122.48348020000002
4445,Vehicle Fire,37.78533462,-122.424687
4446,Fuel Spill,37.74676575,-122.42248020000001
4484,Other,37.75260006,-122.49241359999999
4497,Outside Fire,37.77592749,-122.5115574
4499,Traffic Collision,37.75421545,-122.44220929999999
4509,Other,37.74817877,-122.42140390000002
4522,Traffic Collision,37.73123693,-122.40508590000002
4524,Traffic Collision,37.75730761,-122.40661979999999
4526,Citizen Assist / Service Call,37.78563178,-122.41378259999999
4540,Traffic Collision,37.75730761,-122.40661979999999
4543,Other,37.74852008,-122.4202473
4557,Water Rescue,37.79152537,-122.48348020000002
4562,Citizen Assist / Service Call,37.75633027,-122.39556540000001
4573,Citizen Assist / Service Call,37.7233591,-122.40190249999999
4586,Traffic Collision,37.79843074,-122.40266270000001
4598,Vehicle Fire,37.78076435,-122.388778
4604,Outside Fire,37.76027169,-122.50938159999998
4613,Traffic Collision,37.79843074,-122.40266270000001
4622,HazMat,37.77732776,-122.3930886
4628,Traffic Collision,37.73123693,-122.40508590000002
4639,Traffic Collision,37.77921168,-122.41093659999999
4642,Other,37.74817877,-122.42140390000002
4655,Citizen Assist / Service Call,37.75633027,-122.39556540000001
4661,Outside Fire,37.78482478,-122.40933500000001
4664,Electrical Hazard,37.747849200000005,-122.4236193
4665,Outside Fire,37.70916003,-122.4518014
4680,Traffic Collision,37.76113404,-122.48985330000001
4697,Water Rescue,37.79152537,-122.48348020000002
4700,Traffic Collision,37.80578627,-122.4422098
4709,Traffic Collision,37.75421545,-122.44220929999999
4711,Vehicle Fire,37.78533462,-122.424687
4714,Outside Fire,37.7421067,-122.3950653
4725,Traffic Collision,37.80578627,-122.4422098
4729,Traffic Collision,37.76113404,-122.48985330000001
4735,Citizen Assist / Service Call,37.77095828,-122.468301
4743,Outside Fire,37.78273164,-122.4064794
4747,Fuel Spill,37.74676575,-122.42248020000001
4754,Water Rescue,37.79152537,-122.48348020000002
4761,Water Rescue,37.79152537,-122.48348020000002
4769,Traffic Collision,37.75421545,-122.44220929999999
4775,Traffic Collision,37.75421545,-122.44220929999999
4787,Traffic Collision,37.76113404,-122.48985330000001
4793,Water Rescue,37.79152537,-122.48348020000002
4794,Odor (Strange / Unknown),37.78434927,-122.4093092
4810,Outside Fire,37.76088893,-122.4350007
4813,Traffic Collision,37.77290912,-122.4221864
4820,Traffic Collision,37.7759254,-122.43798980000001
4831,Traffic Collision,37.79843074,-122.40266270000001
4835,Water Rescue,37.79152537,-122.48348020000002
4838,Fuel Spill,37.74676575,-122.42248020000001
4873,Citizen Assist / Service Call,37.79058657,-122.39987749999999
4879,Vehicle Fire,37.78076435,-122.388778
4883,Citizen Assist / Service Call,37.75633027,-122.39556540000001
4886,Electrical Hazard,37.73481718,-122.41650209999999
4889,Traffic Collision,37.75421545,-122.44220929999999
4898,Traffic Collision,37.76113404,-122.48985330000001
4900,Traffic Collision,37.77921168,-122.41093659999999
4905,Other,37.77973891,-122.40715949999999
4912,HazMat,37.77732776,-122.3930886
4928,Water Rescue,37.79152537,-122.48348020000002
4931,Traffic Collision,37.7759254,-122.43798980000001
4935,Traffic Collision,37.75421545,-122.44220929999999
4943,Traffic Collision,37.77290912,-122.4221864
4953,Elevator / Escalator Rescue,37.78917521,-122.4094297
4956,Vehicle Fire,37.72092962,-122.39727099999999
4957,Traffic Collision,37.71888022,-122.39874809999999
4962,Other,37.7866625,-122.4291682
4974,Water Rescue,37.79152537,-122.48348020000002
4975,Traffic Collision,37.74299701,-122.42164450000001
4992,Citizen Assist / Service Call,37.71449939,-122.4827665
4996,Traffic Collision,37.79843074,-122.40266270000001
5005,Citizen Assist / Service Call,37.77095828,-122.468301
5007,Water Rescue,37.79152537,-122.48348020000002
5016,Traffic Collision,37.71888022,-122.39874809999999
5027,Traffic Collision,37.73123693,-122.40508590000002
5031,Other,37.75147307,-122.3900869
5070,Traffic Collision,37.77858957,-122.41162620000001
5093,Electrical Hazard,37.77965963,-122.4387402
5123,Traffic Collision,37.729632,-122.43380800000001
5126,Traffic Collision,37.77250432,-122.442378
5133,Citizen Assist / Service Call,37.78802755,-122.44780449999999
5150,Traffic Collision,37.71882359,-122.40042340000002
5164,Outside Fire,37.79804495,-122.39636709999999
5182,Traffic Collision,37.77273891,-122.4483313
5186,Traffic Collision,37.73238239,-122.43623840000001
5202,Outside Fire,37.79804495,-122.39636709999999
5213,Traffic Collision,37.78537343,-122.4590871
5224,Citizen Assist / Service Call,37.80826332,-122.4149725
5228,Traffic Collision,37.71947658,-122.3969544
5245,Traffic Collision,37.78537343,-122.4590871
5246,Citizen Assist / Service Call,37.745956299999996,-122.4542399
5253,Traffic Collision,37.78922561,-122.40859499999999
5274,Odor (Strange / Unknown),37.76209916,-122.4149986
5277,Outside Fire,37.79804495,-122.39636709999999
5281,Traffic Collision,37.73238239,-122.43623840000001
5286,Citizen Assist / Service Call,37.75853818,-122.4637815
5287,Outside Fire,37.79804495,-122.39636709999999
5303,Odor (Strange / Unknown),37.78114586,-122.409026
5315,Traffic Collision,37.77732776,-122.3930886
5316,Traffic Collision,37.78636079,-122.4156169
5331,Traffic Collision,37.77732776,-122.3930886
5338,Citizen Assist / Service Call,37.72615321,-122.43743300000001
5344,Outside Fire,37.79804495,-122.39636709999999
5381,Traffic Collision,37.78922561,-122.40859499999999
5383,Citizen Assist / Service Call,37.7773617,-122.41026310000001
5387,Traffic Collision,37.729632,-122.43380800000001
5395,Vehicle Fire,37.77475548,-122.45468259999998
5400,Other,37.71569869,-122.4009203
5406,Traffic Collision,37.7881859,-122.40012
5420,Other,37.78876833,-122.40843000000001
5422,Traffic Collision,37.77858957,-122.41162620000001
5423,Vehicle Fire,37.72391411,-122.3914919
5424,Vehicle Fire,37.72391411,-122.3914919
5435,Traffic Collision,37.78537343,-122.4590871
5437,Outside Fire,37.78564171,-122.4179963
5460,Traffic Collision,37.78537343,-122.4590871
5481,Traffic Collision,37.77011145,-122.42000829999999
5512,Traffic Collision,37.78022582,-122.48151570000002
5518,Citizen Assist / Service Call,37.72615321,-122.43743300000001
5524,Vehicle Fire,37.77475548,-122.45468259999998
5530,Outside Fire,37.78513998,-122.454627
5579,Traffic Collision,37.78537343,-122.4590871
5580,Citizen Assist / Service Call,37.7731448,-122.39147290000001
5587,Traffic Collision,37.71882359,-122.40042340000002
5599,Traffic Collision,37.78022582,-122.48151570000002
5646,Traffic Collision,37.77732776,-122.3930886
5652,Citizen Assist / Service Call,37.78371764,-122.43784790000001
5672,Traffic Collision,37.71947658,-122.3969544
5680,Traffic Collision,37.78537343,-122.4590871
5704,Traffic Collision,37.78636079,-122.4156169
5713,Citizen Assist / Service Call,37.80826332,-122.4149725
5718,Outside Fire,37.79804495,-122.39636709999999
5737,Traffic Collision,37.77858957,-122.41162620000001
5747,Traffic Collision,37.77273891,-122.4483313
5761,Citizen Assist / Service Call,37.745956299999996,-122.4542399
5769,Traffic Collision,37.77011145,-122.42000829999999
5780,Traffic Collision,37.78537343,-122.4590871
5797,Traffic Collision,37.77250432,-122.442378
5808,Other,37.78065583,-122.47231229999998
5811,Citizen Assist / Service Call,37.76792693,-122.4482697
5812,Traffic Collision,37.7881859,-122.40012
5817,Outside Fire,37.73436801,-122.3907055
5823,Citizen Assist / Service Call,37.78086621,-122.42880320000002
5831,Traffic Collision,37.78922561,-122.40859499999999
5833,Citizen Assist / Service Call,37.80826332,-122.4149725
5836,Outside Fire,37.786151399999994,-122.41725759999999
5858,Gas Leak (Natural and LP Gases),37.73234235,-122.3862804
5866,Electrical Hazard,37.78698104,-122.4300053
5867,Other,37.76544761,-122.41310520000002
5873,Traffic Collision,37.7810766,-122.4044037
5876,Traffic Collision,37.72518652,-122.4616735
5886,Traffic Collision,37.71772407,-122.43794479999998
5891,Gas Leak (Natural and LP Gases),37.71722305,-122.3911499
5893,Gas Leak (Natural and LP Gases),37.71722305,-122.3911499
5940,Traffic Collision,37.77797226,-122.4223539
5945,Gas Leak (Natural and LP Gases),37.73234235,-122.3862804
5949,Traffic Collision,37.71772407,-122.43794479999998
5954,Gas Leak (Natural and LP Gases),37.75762161,-122.41006259999999
5955,Traffic Collision,37.7810766,-122.4044037
5962,Traffic Collision,37.77533224,-122.39720630000001
5966,Outside Fire,37.7797358,-122.51047620000001
5967,Other,37.71722305,-122.3911499
5969,Citizen Assist / Service Call,37.78563178,-122.41378259999999
5972,Traffic Collision,37.78139813,-122.40924540000002
5975,Traffic Collision,37.71772407,-122.43794479999998
5979,Other,37.73099183,-122.4839775
5981,Electrical Hazard,37.78901634,-122.41024240000002
5991,Traffic Collision,37.77406165,-122.43761059999999
5997,Gas Leak (Natural and LP Gases),37.79900403,-122.4417952
6000,Traffic Collision,37.71772407,-122.43794479999998
6009,Outside Fire,37.79804495,-122.39636709999999
6020,Outside Fire,37.79804495,-122.39636709999999
6030,Traffic Collision,37.77533224,-122.39720630000001
6054,Other,37.78479798,-122.4396639
6064,Citizen Assist / Service Call,37.758486299999994,-122.42238540000001
6070,Other,37.72146066,-122.39227939999999
6071,Fuel Spill,37.76950326,-122.45045259999998
6081,Gas Leak (Natural and LP Gases),37.80789213,-122.41068510000001
6092,Traffic Collision,37.7810766,-122.4044037
6101,Odor (Strange / Unknown),37.78957969,-122.4365068
6115,Outside Fire,37.7797358,-122.51047620000001
6120,Citizen Assist / Service Call,37.75476888,-122.5081804
6123,Traffic Collision,37.77208039,-122.44571670000002
6134,Gas Leak (Natural and LP Gases),37.80789213,-122.41068510000001
6138,Traffic Collision,37.73078874,-122.4283899
6142,Traffic Collision,37.71772407,-122.43794479999998
6170,Traffic Collision,37.71772407,-122.43794479999998
6188,Traffic Collision,37.76690348,-122.3890991
6191,Gas Leak (Natural and LP Gases),37.75762161,-122.41006259999999
6194,Traffic Collision,37.78139813,-122.40924540000002
6199,Odor (Strange / Unknown),37.73559703,-122.4019666
6200,Gas Leak (Natural and LP Gases),37.75762161,-122.41006259999999
6205,Gas Leak (Natural and LP Gases),37.72728646,-122.3699543
6218,Odor (Strange / Unknown),37.73559703,-122.4019666
6227,Other,37.77310881,-122.4230048
6239,Traffic Collision,37.71299484,-122.4020979
6264,Traffic Collision,37.76690348,-122.3890991
6269,Odor (Strange / Unknown),37.73559703,-122.4019666
6270,Traffic Collision,37.77406165,-122.43761059999999
6273,Traffic Collision,37.74748114,-122.40350729999999
6285,Traffic Collision,37.77797226,-122.4223539
6287,Other,37.77729986,-122.4196936
6302,Outside Fire,37.79238325,-122.4210529
6307,Citizen Assist / Service Call,37.74810004,-122.42701509999998
6308,Gas Leak (Natural and LP Gases),37.72876686,-122.38421869999999
6317,Traffic Collision,37.77797226,-122.4223539
6318,Gas Leak (Natural and LP Gases),37.71813379,-122.3854834
6337,Gas Leak (Natural and LP Gases),37.73234235,-122.3862804
6350,Traffic Collision,37.77797226,-122.4223539
6356,Gas Leak (Natural and LP Gases),37.74024002,-122.38528170000001
6357,Electrical Hazard,37.71561931,-122.4626152
6362,Traffic Collision,37.77208039,-122.44571670000002
6368,Outside Fire,37.79804495,-122.39636709999999
6374,Electrical Hazard,37.77210826,-122.43043390000001
6386,Outside Fire,37.79804495,-122.39636709999999
6390,Outside Fire,37.74700983,-122.4060925
6393,Traffic Collision,37.74748114,-122.40350729999999
6395,Gas Leak (Natural and LP Gases),37.72746974,-122.37127140000001
6408,Traffic Collision,37.7818745,-122.48808500000001
6420,Outside Fire,37.77866179,-122.4069699
6426,Gas Leak (Natural and LP Gases),37.73234235,-122.3862804
6436,Traffic Collision,37.71299484,-122.4020979
6443,Traffic Collision,37.71772407,-122.43794479999998
6447,Traffic Collision,37.76690348,-122.3890991
6465,Traffic Collision,37.76690348,-122.3890991
6469,Traffic Collision,37.73078874,-122.4283899
6483,Outside Fire,37.79804495,-122.39636709999999
6488,Gas Leak (Natural and LP Gases),37.79900403,-122.4417952
6491,Traffic Collision,37.77797226,-122.4223539
6497,Gas Leak (Natural and LP Gases),37.79900403,-122.4417952
6502,Gas Leak (Natural and LP Gases),37.71722305,-122.3911499
6506,Traffic Collision,37.7818745,-122.48808500000001
6509,Outside Fire,37.7797358,-122.51047620000001
6526,Traffic Collision,37.76690348,-122.3890991
6528,Traffic Collision,37.71772407,-122.43794479999998
6534,Citizen Assist / Service Call,37.77908938,-122.43192579999999
6537,Citizen Assist / Service Call,37.77854483,-122.497454
6547,Traffic Collision,37.77797226,-122.4223539
6553,Other,37.76544761,-122.41310520000002
6561,Other,37.73044849,-122.4949771
6581,Traffic Collision,37.71772407,-122.43794479999998
6582,Traffic Collision,37.72518652,-122.4616735
6585,Traffic Collision,37.76690348,-122.3890991
6590,Electrical Hazard,37.71534174,-122.4589814
6602,Gas Leak (Natural and LP Gases),37.80789213,-122.41068510000001
6636,Traffic Collision,37.78071918,-122.4153156
6638,Traffic Collision,37.7563941,-122.4036384
6647,Other,37.756508000000004,-122.40654099999999
6680,Elevator / Escalator Rescue,37.79034828,-122.45166699999999
6681,Elevator / Escalator Rescue,37.78305497,-122.4115773
6688,Outside Fire,37.73956627,-122.40697859999999
6694,Citizen Assist / Service Call,37.75120999,-122.481567
6696,Citizen Assist / Service Call,37.75536573,-122.41985790000001
6703,Traffic Collision,37.7563941,-122.4036384
6709,Outside Fire,37.78761253,-122.4058047
6727,Other,37.78531207,-122.4263666
6729,Gas Leak (Natural and LP Gases),37.79806278,-122.4240584
6742,Traffic Collision,37.79573711,-122.4234131
6743,Traffic Collision,37.75936549,-122.40694690000001
6746,Other,37.77689454,-122.4919581
6749,Traffic Collision,37.78202549,-122.4848743
6765,Gas Leak (Natural and LP Gases),37.79806278,-122.4240584
6769,Traffic Collision,37.77769966,-122.40460549999999
6776,Citizen Assist / Service Call,37.78600483,-122.39507730000001
6797,Gas Leak (Natural and LP Gases),37.76347833,-122.41301979999999
6809,Citizen Assist / Service Call,37.75120999,-122.481567
6824,Electrical Hazard,37.78743816,-122.44540220000002
6908,Smoke Investigation (Outside),37.77901376,-122.50830069999999
6931,Other,37.76590039999999,-122.40558529999998
6932,Traffic Collision,37.73074217,-122.42930439999999
6957,Other,37.77651282,-122.41496670000001
6958,Traffic Collision,37.7563941,-122.4036384
6966,Gas Leak (Natural and LP Gases),37.79806278,-122.4240584
6972,Traffic Collision,37.72880614,-122.37014540000001
6975,Traffic Collision,37.78071918,-122.4153156
6984,Other,37.73879098,-122.4679487
6992,Citizen Assist / Service Call,37.73547359,-122.49873329999998
7006,Gas Leak (Natural and LP Gases),37.76347833,-122.41301979999999
7014,Citizen Assist / Service Call,37.78105984,-122.43478370000001
7020,Traffic Collision,37.73074217,-122.42930439999999
7026,Gas Leak (Natural and LP Gases),37.76347833,-122.41301979999999
7042,Gas Leak (Natural and LP Gases),37.76780932,-122.44919569999999
7074,Gas Leak (Natural and LP Gases),37.76347833,-122.41301979999999
7076,Citizen Assist / Service Call,37.75456421,-122.40648049999999
7099,Citizen Assist / Service Call,37.77981193,-122.43375859999999
7100,Traffic Collision,37.75936549,-122.40694690000001
7104,Gas Leak (Natural and LP Gases),37.76347833,-122.41301979999999
7105,Outside Fire,37.76518314,-122.41748659999999
7107,Elevator / Escalator Rescue,37.78769716,-122.44292050000001
7129,Outside Fire,37.78023452,-122.40556480000001
7131,Traffic Collision,37.77973891,-122.40715949999999
7136,Electrical Hazard,37.78806716,-122.44044009999999
7141,Traffic Collision,37.78485253,-122.46563229999998
7152,Traffic Collision,37.7563941,-122.4036384
7153,Traffic Collision,37.7563941,-122.4036384
7161,Traffic Collision,37.77650804,-122.4144578
7163,Citizen Assist / Service Call,37.78941206,-122.4221352
7171,Gas Leak (Natural and LP Gases),37.76347833,-122.41301979999999
7172,Other,37.73242083,-122.37909170000002
7191,Other,37.7633166,-122.458206
7198,Traffic Collision,37.77769966,-122.40460549999999
7213,Traffic Collision,37.72880614,-122.37014540000001
7220,Traffic Collision,37.77973891,-122.40715949999999
7234,Citizen Assist / Service Call,37.78600483,-122.39507730000001
7245,Electrical Hazard,37.71224713,-122.4042271
7249,Other,37.77689454,-122.4919581
7284,Gas Leak (Natural and LP Gases),37.76780932,-122.44919569999999
7285,Traffic Collision,37.79573711,-122.4234131
7290,Other,37.77689454,-122.4919581
7334,Traffic Collision,37.7563941,-122.4036384
7381,Citizen Assist / Service Call,37.78600483,-122.39507730000001
7383,Traffic Collision,37.7563941,-122.4036384
7390,Outside Fire,37.77435867,-122.42025430000001
7404,Traffic Collision,37.78202549,-122.4848743
7418,Smoke Investigation (Outside),37.75583701,-122.44212320000001
7419,Odor (Strange / Unknown),37.73563597,-122.4184659
7429,Elevator / Escalator Rescue,37.80454206,-122.4336973
7437,Gas Leak (Natural and LP Gases),37.79806278,-122.4240584
7441,Traffic Collision,37.78485253,-122.46563229999998
7475,Other,37.74499622,-122.4752674
7486,Fuel Spill,37.77802076,-122.42152069999999
7513,Fuel Spill,37.73956627,-122.40697859999999
7518,Citizen Assist / Service Call,37.78563178,-122.41378259999999
7525,Traffic Collision,37.79046311,-122.41391589999999
7531,Gas Leak (Natural and LP Gases),37.76010129,-122.42142520000002
7532,Traffic Collision,37.71310723,-122.3878337
7552,Citizen Assist / Service Call,37.74554995,-122.43576680000001
7558,Water Rescue,37.72207829,-122.50172079999999
7612,Traffic Collision,37.78047851,-122.41251229999999
7613,Outside Fire,37.78521973,-122.4066747
7616,Other,37.77465348,-122.4051182
7618,Citizen Assist / Service Call,37.78186545,-122.41428529999999
7643,Gas Leak (Natural and LP Gases),37.74906582,-122.38642790000002
7660,Citizen Assist / Service Call,37.79109268,-122.4085075
7670,Other,37.79050051,-122.4173664
7673,Water Rescue,37.72207829,-122.50172079999999
7675,Water Rescue,37.72207829,-122.50172079999999
7703,Outside Fire,37.77512753,-122.5101688
7705,Other,37.7593162,-122.4669868
7720,Electrical Hazard,37.77210826,-122.43043390000001
7725,Water Rescue,37.72207829,-122.50172079999999
7727,Traffic Collision,37.78047851,-122.41251229999999
7729,Other,37.79093501,-122.41822350000001
7734,Traffic Collision,37.78196077,-122.4206382
7742,Vehicle Fire,37.76267071,-122.43518799999998
7743,Citizen Assist / Service Call,37.78153743,-122.4095183
7750,Other,37.76654458,-122.3950605
7756,Outside Fire,37.78212837,-122.41553119999999
7778,Vehicle Fire,37.76267071,-122.43518799999998
7787,Outside Fire,37.75474274,-122.38807779999999
7792,Citizen Assist / Service Call,37.76591436,-122.42779990000001
7800,Traffic Collision,37.78586943,-122.4835455
7805,Traffic Collision,37.7863148,-122.47262579999999
7809,Water Rescue,37.72207829,-122.50172079999999
7813,Traffic Collision,37.73796988,-122.46905670000001
7837,Traffic Collision,37.78047851,-122.41251229999999
7838,Citizen Assist / Service Call,37.78904469,-122.42459109999999
7840,Traffic Collision,37.78047851,-122.41251229999999
7847,Outside Fire,37.77749384,-122.41629170000002
7848,Traffic Collision,37.78047851,-122.41251229999999
7862,Other,37.77465348,-122.4051182
7868,Traffic Collision,37.71310723,-122.3878337
7879,Outside Fire,37.78445273,-122.40849320000001
7882,Traffic Collision,37.73796988,-122.46905670000001
7883,Water Rescue,37.72207829,-122.50172079999999
7885,Gas Leak (Natural and LP Gases),37.74906582,-122.38642790000002
7926,Traffic Collision,37.78047851,-122.41251229999999
7933,Traffic Collision,37.78586943,-122.4835455
7935,Outside Fire,37.78952932,-122.4137284
7946,Traffic Collision,37.79879396,-122.4089284
7951,Gas Leak (Natural and LP Gases),37.76598375,-122.43215190000001
7954,Other,37.76654458,-122.3950605
7963,Citizen Assist / Service Call,37.77918239,-122.4097939
7968,Water Rescue,37.72207829,-122.50172079999999
7974,Traffic Collision,37.79879396,-122.4089284
8007,Other,37.72721673,-122.3823203
8009,Gas Leak (Natural and LP Gases),37.76552195,-122.4109658
8015,Traffic Collision,37.78047851,-122.41251229999999
8029,Traffic Collision,37.75994178,-122.3967612
8032,Other,37.76654458,-122.3950605
8051,Citizen Assist / Service Call,37.78563178,-122.41378259999999
8068,Gas Leak (Natural and LP Gases),37.75936549,-122.40694690000001
8069,Traffic Collision,37.79046311,-122.41391589999999
8070,Vehicle Fire,37.76267071,-122.43518799999998
8089,Gas Leak (Natural and LP Gases),37.76598375,-122.43215190000001
8091,Traffic Collision,37.78047851,-122.41251229999999
8096,Other,37.79093501,-122.41822350000001
8113,Other,37.74479756,-122.46432379999999
8114,Outside Fire,37.74828588,-122.4170443
8133,Outside Fire,37.72296132,-122.44955859999999
8153,Outside Fire,37.79189894,-122.4025713
8188,Traffic Collision,37.7863148,-122.47262579999999
8205,Traffic Collision,37.78568169,-122.45917879999999
8222,Traffic Collision,37.78568169,-122.45917879999999
8235,Citizen Assist / Service Call,37.78153743,-122.4095183
8238,Citizen Assist / Service Call,37.78904469,-122.42459109999999
8256,Water Rescue,37.72207829,-122.50172079999999
8262,Traffic Collision,37.78586943,-122.4835455
8287,Water Rescue,37.72207829,-122.50172079999999
8331,Other,37.79093501,-122.41822350000001
8333,Gas Leak (Natural and LP Gases),37.76598375,-122.43215190000001
8351,Traffic Collision,37.75994178,-122.3967612
8383,Outside Fire,37.74064189,-122.4230899
8389,Other,37.75629756,-122.4178044
8394,Citizen Assist / Service Call,37.71208808,-122.42086570000001
8412,Outside Fire,37.73968078,-122.4088831
8417,Outside Fire,37.80081414,-122.4362739
8418,Outside Fire,37.7818745,-122.48808500000001
8422,Elevator / Escalator Rescue,37.79371656,-122.43227949999999
8479,Outside Fire,37.7210573,-122.475222
8484,Outside Fire,37.73968078,-122.4088831
8485,Traffic Collision,37.75008261,-122.4433473
8491,Elevator / Escalator Rescue,37.77409268,-122.44108440000001
8500,Train / Rail Incident,37.79282365,-122.3970342
8502,Elevator / Escalator Rescue,37.77649448,-122.4113591
8505,Vehicle Fire,37.76070861,-122.4994966
8508,Elevator / Escalator Rescue,37.78262567,-122.4341878
8509,Other,37.7563633,-122.4167121
8515,Gas Leak (Natural and LP Gases),37.73641225,-122.3829196
8530,Train / Rail Incident,37.79282365,-122.3970342
8567,Other,37.78691269,-122.40975619999999
8575,Other,37.74997393,-122.4896064
8594,Traffic Collision,37.78019303,-122.4270168
8596,Train / Rail Incident,37.79282365,-122.3970342
8619,Outside Fire,37.73609569,-122.506194
8626,Vehicle Fire,37.76070861,-122.4994966
8627,Elevator / Escalator Rescue,37.76645441,-122.3973857
8629,Citizen Assist / Service Call,37.77434393,-122.5068203
8634,Other,37.78883778,-122.38942890000001
8650,Other,37.73931862,-122.4071392
8664,Vehicle Fire,37.76070861,-122.4994966
8672,Traffic Collision,37.76666722,-122.4297699
8675,Train / Rail Incident,37.79282365,-122.3970342
8683,Traffic Collision,37.76666722,-122.4297699
8688,Traffic Collision,37.77313349,-122.4374229
8692,Outside Fire,37.769867700000006,-122.42236480000001
8693,Train / Rail Incident,37.79282365,-122.3970342
8700,Elevator / Escalator Rescue,37.78491618,-122.41195
8705,Traffic Collision,37.75529478,-122.42096409999998
8706,Vehicle Fire,37.760298600000006,-122.50752949999999
8732,Traffic Collision,37.75008261,-122.4433473
8736,Train / Rail Incident,37.79282365,-122.3970342
8749,Traffic Collision,37.78019303,-122.4270168
8753,Train / Rail Incident,37.79282365,-122.3970342
8759,Train / Rail Incident,37.79282365,-122.3970342
8769,Citizen Assist / Service Call,37.78429938,-122.41014129999999
8782,Vehicle Fire,37.76070861,-122.4994966
8791,Outside Fire,37.76316783,-122.4239592
8792,Other,37.76531469,-122.4288111
8818,Elevator / Escalator Rescue,37.78491618,-122.41195
8822,Vehicle Fire,37.78607898,-122.39302430000001
8825,Train / Rail Incident,37.79282365,-122.3970342
8836,Traffic Collision,37.75172621,-122.40621940000001
8842,Traffic Collision,37.77313349,-122.4374229
8851,Traffic Collision,37.75172621,-122.40621940000001
8852,Elevator / Escalator Rescue,37.79093501,-122.41822350000001
8863,Elevator / Escalator Rescue,37.78636079,-122.4156169
8875,Traffic Collision,37.808050099999996,-122.4098773
8881,Outside Fire,37.73968078,-122.4088831
8889,Train / Rail Incident,37.79282365,-122.3970342
8895,Other,37.77663016,-122.42539950000001
8908,Vehicle Fire,37.760298600000006,-122.50752949999999
8911,Traffic Collision,37.808050099999996,-122.4098773
8915,Citizen Assist / Service Call,37.78429938,-122.41014129999999
8918,Traffic Collision,37.78019303,-122.4270168
8920,Traffic Collision,37.75008261,-122.4433473
8921,Other,37.81052072,-122.3651383
8942,Citizen Assist / Service Call,37.79779506,-122.4145842
8958,Vehicle Fire,37.78607898,-122.39302430000001
8964,Gas Leak (Natural and LP Gases),37.73641225,-122.3829196
8967,Citizen Assist / Service Call,37.76684557,-122.4299996
8970,Traffic Collision,37.78019303,-122.4270168
8971,Traffic Collision,37.78019303,-122.4270168
8979,Train / Rail Incident,37.79282365,-122.3970342
8982,Citizen Assist / Service Call,37.78429938,-122.41014129999999
8985,Vehicle Fire,37.760298600000006,-122.50752949999999
9016,Citizen Assist / Service Call,37.77679059,-122.4942408
9037,Other,37.81052072,-122.3651383
9044,Citizen Assist / Service Call,37.71226467,-122.4729324
9045,Outside Fire,37.783619099999996,-122.42265249999998
9050,Vehicle Fire,37.76070861,-122.4994966
9056,Train / Rail Incident,37.79282365,-122.3970342
9061,Vehicle Fire,37.76070861,-122.4994966
9083,Vehicle Fire,37.76070861,-122.4994966
9101,Citizen Assist / Service Call,37.78439649,-122.41690049999998
9114,Vehicle Fire,37.76070861,-122.4994966
9115,Traffic Collision,37.77173646,-122.42367340000001
9118,Train / Rail Incident,37.79282365,-122.3970342
9123,Citizen Assist / Service Call,37.74295557,-122.4778362
9125,Other,37.75048161,-122.40574040000001
9157,Vehicle Fire,37.76070861,-122.4994966
9171,Vehicle Fire,37.76070861,-122.4994966
9182,Traffic Collision,37.77173646,-122.42367340000001
9192,Other,37.80229752,-122.4433868
9200,Traffic Collision,37.78019303,-122.4270168
9204,Train / Rail Incident,37.79282365,-122.3970342
9207,Traffic Collision,37.75529478,-122.42096409999998
9218,Water Rescue,37.80516257,-122.4329574
9219,Traffic Collision,37.76274334,-122.40438429999999
9221,Outside Fire,37.7984297,-122.40222859999999
9223,Outside Fire,37.78053538,-122.4081608
9229,Outside Fire,37.78399149,-122.4080665
9234,Vehicle Fire,37.76062672,-122.4393368
9237,Water Rescue,37.80516257,-122.4329574
9247,Outside Fire,37.748389700000004,-122.39510179999999
9249,Water Rescue,37.80516257,-122.4329574
9259,Traffic Collision,37.73181989,-122.4054121
9261,Traffic Collision,37.76274334,-122.40438429999999
9276,Traffic Collision,37.76484591,-122.50085700000001
9281,Water Rescue,37.79152537,-122.48348020000002
9282,Traffic Collision,37.76484591,-122.50085700000001
9288,Water Rescue,37.80516257,-122.4329574
9289,Traffic Collision,37.81052072,-122.3651383
9301,Other,37.78943368,-122.406957
9321,Outside Fire,37.77969101,-122.39158880000001
9344,Citizen Assist / Service Call,37.71228275,-122.40652859999999
9352,Water Rescue,37.80516257,-122.4329574
9355,Traffic Collision,37.71165504,-122.41508049999999
9356,Traffic Collision,37.81052072,-122.3651383
9358,Other,37.76719155,-122.43122179999999
9373,Traffic Collision,37.73181989,-122.4054121
9381,Vehicle Fire,37.79949773,-122.44267859999998
9387,Traffic Collision,37.81052072,-122.3651383
9395,Outside Fire,37.790029600000004,-122.39258390000002
9400,Traffic Collision,37.76464569,-122.42638170000001
9406,Traffic Collision,37.81052072,-122.3651383
9411,Citizen Assist / Service Call,37.76303087,-122.4262285
9412,Water Rescue,37.79152537,-122.48348020000002
9433,Traffic Collision,37.77967359,-122.4235413
9439,Smoke Investigation (Outside),37.76571899,-122.40952069999999
9445,Traffic Collision,37.81052072,-122.3651383
9473,Water Rescue,37.80516257,-122.4329574
9510,Citizen Assist / Service Call,37.78316343,-122.4115993
9534,Water Rescue,37.79152537,-122.48348020000002
9543,Traffic Collision,37.81052072,-122.3651383
9545,Gas Leak (Natural and LP Gases),37.7696026,-122.42630940000001
9551,Traffic Collision,37.78677895,-122.398257
9553,Citizen Assist / Service Call,37.78965295,-122.4047925
9556,Smoke Investigation (Outside),37.74404593,-122.3903279
9561,Outside Fire,37.76080169,-122.4355523
9564,Vehicle Fire,37.76062672,-122.4393368
9570,Traffic Collision,37.71165504,-122.41508049999999
9589,Outside Fire,37.790029600000004,-122.39258390000002
9593,Other,37.75250607,-122.41408600000001
9601,Traffic Collision,37.76174715,-122.47592409999999
9604,Water Rescue,37.79152537,-122.48348020000002
9609,Elevator / Escalator Rescue,37.78990913,-122.4069759
9613,Traffic Collision,37.71165504,-122.41508049999999
9615,Water Rescue,37.80516257,-122.4329574
9625,Traffic Collision,37.81052072,-122.3651383
9632,Traffic Collision,37.71165504,-122.41508049999999
9634,Traffic Collision,37.71165504,-122.41508049999999
9636,Water Rescue,37.80516257,-122.4329574
9638,Water Rescue,37.80516257,-122.4329574
9655,Other,37.73509219,-122.44895990000002
9657,Traffic Collision,37.73402652,-122.4328375
9680,Citizen Assist / Service Call,37.78667901,-122.413995
9710,Traffic Collision,37.76464569,-122.42638170000001
9727,Other,37.76678389,-122.4322285
9731,Citizen Assist / Service Call,37.74810004,-122.42701509999998
9737,Other,37.75562145,-122.3957626
9747,Traffic Collision,37.78377752,-122.4176186
9763,Other,37.76719155,-122.43122179999999
9767,Gas Leak (Natural and LP Gases),37.79350665,-122.433922
9775,Water Rescue,37.80516257,-122.4329574
9776,Traffic Collision,37.81052072,-122.3651383
9777,Water Rescue,37.79152537,-122.48348020000002
9778,Traffic Collision,37.71165504,-122.41508049999999
9780,Other,37.72127745,-122.4020565
9781,Outside Fire,37.79787505,-122.42974740000001
9784,Outside Fire,37.7649769,-122.4209013
9804,Smoke Investigation (Outside),37.74149945,-122.4365496
9807,Other,37.78538567,-122.4082489
9819,Traffic Collision,37.73402652,-122.4328375
9820,Water Rescue,37.79152537,-122.48348020000002
9825,Other,37.78904469,-122.42459109999999
9828,Traffic Collision,37.77128553,-122.4132043
9833,Outside Fire,37.73960608,-122.407642
9838,Traffic Collision,37.77967359,-122.4235413
9840,Water Rescue,37.80516257,-122.4329574
9842,Outside Fire,37.79801696,-122.4054731
9858,Water Rescue,37.79152537,-122.48348020000002
9866,Outside Fire,37.76080169,-122.4355523
9888,Traffic Collision,37.81052072,-122.3651383
9893,Traffic Collision,37.78377752,-122.4176186
9915,Outside Fire,37.75868822,-122.39719509999999
9917,Outside Fire,37.76653958,-122.42204380000001
9919,Traffic Collision,37.76464569,-122.42638170000001
9929,Water Rescue,37.79152537,-122.48348020000002
9958,Outside Fire,37.79066691,-122.42744779999998
9965,Water Rescue,37.79152537,-122.48348020000002
9969,Water Rescue,37.80516257,-122.4329574
9972,Traffic Collision,37.73181989,-122.4054121
9982,Traffic Collision,37.81052072,-122.3651383
9990,Other,37.76719155,-122.43122179999999
9992,Traffic Collision,37.77128553,-122.4132043
9998,Water Rescue,37.80516257,-122.4329574
